<?xml version="1.0" encoding="UTF-8"?>
<java version="17.0.1" class="java.beans.XMLDecoder">
 <object class="application.Person">
  <void property="age">
   <int>44</int>
  </void>
  <void property="city">
   <string>München</string>
  </void>
  <void property="favoriteColor">
   <string>none</string>
  </void>
  <void property="name">
   <string>Michael</string>
  </void>
 </object>
 <object class="application.Person">
  <void property="age">
   <int>22</int>
  </void>
  <void property="city">
   <string>München</string>
  </void>
  <void property="favoriteColor">
   <string>none</string>
  </void>
  <void property="name">
   <string>Barbara</string>
  </void>
 </object>
 <object class="application.Person">
  <void property="age">
   <int>17</int>
  </void>
  <void property="city">
   <string>München</string>
  </void>
  <void property="favoriteColor">
   <string>none</string>
  </void>
  <void property="name">
   <string>Lili</string>
  </void>
 </object>
 <object class="application.Person">
  <void property="age">
   <int>8</int>
  </void>
  <void property="city">
   <string>München</string>
  </void>
  <void property="favoriteColor">
   <string>none</string>
  </void>
  <void property="name">
   <string>Tom</string>
  </void>
 </object>
 <object class="application.Person">
  <void property="age">
   <int>7</int>
  </void>
  <void property="city">
   <string>München</string>
  </void>
  <void property="favoriteColor">
   <string>none</string>
  </void>
  <void property="name">
   <string>Björn</string>
  </void>
 </object>
</java>
